<?xml version="1.0" encoding="UTF-8"?>
<project-private xmlns="http://www.netbeans.org/ns/project-private/1">
    <editor-bookmarks xmlns="http://www.netbeans.org/ns/editor-bookmarks/2" lastBookmarkId="0"/>
    <open-files xmlns="http://www.netbeans.org/ns/projectui-open-files/2">
        <group>
            <file>file:/C:/Users/u527532.000/Desktop/progtech/demo1/src/demo1/ValidationError.java</file>
            <file>file:/C:/Users/u527532.000/Desktop/progtech/demo1/src/demo1/TimeSheet.java</file>
            <file>file:/C:/Users/u527532.000/Desktop/progtech/demo1/src/demo1/LogParser.java</file>
            <file>file:/C:/Users/u527532.000/Desktop/progtech/demo1/src/demo1/localizer/Localizer.java</file>
            <file>file:/C:/Users/u527532.000/Desktop/progtech/demo1/src/demo1/EntryValidationException.java</file>
        </group>
    </open-files>
</project-private>
