<?xml version="1.0" encoding="UTF-8"?>
<project-private xmlns="http://www.netbeans.org/ns/project-private/1">
    <editor-bookmarks xmlns="http://www.netbeans.org/ns/editor-bookmarks/2" lastBookmarkId="0"/>
    <open-files xmlns="http://www.netbeans.org/ns/projectui-open-files/2">
        <group name="ImageManipulator"/>
        <group>
            <file>file:/D:/Documents/suli/progtech/4EA/ImageManipulator/imagemanipulator.backend/src/imagemanipulator/backend/ImageManipulatorServiceImpl.java</file>
        </group>
    </open-files>
</project-private>
