<?xml version="1.0" encoding="UTF-8"?>
<project-private xmlns="http://www.netbeans.org/ns/project-private/1">
    <editor-bookmarks xmlns="http://www.netbeans.org/ns/editor-bookmarks/2" lastBookmarkId="0"/>
    <open-files xmlns="http://www.netbeans.org/ns/projectui-open-files/2">
        <group>
            <file>file:/C:/Users/Andris/Documents/Andris/dokumentumok/ELTE/progtech/2.EA/EApeldak/poker/poker%20oop/poker_sample/src/poker_sample/ConsoleUserInterface.java</file>
            <file>file:/C:/Users/Andris/Documents/Andris/dokumentumok/ELTE/progtech/2.EA/EApeldak/poker/poker%20oop/poker_sample/src/poker_sample/Game.java</file>
            <file>file:/C:/Users/Andris/Documents/Andris/dokumentumok/ELTE/progtech/2.EA/EApeldak/poker/poker%20oop/poker_sample/src/poker_sample/Player.java</file>
            <file>file:/C:/Users/Andris/Documents/Andris/dokumentumok/ELTE/progtech/2.EA/EApeldak/poker/poker%20oop/poker_sample/src/poker_sample/Pot.java</file>
        </group>
    </open-files>
</project-private>
