<?xml version="1.0" encoding="UTF-8"?>
<project-private xmlns="http://www.netbeans.org/ns/project-private/1">
    <editor-bookmarks xmlns="http://www.netbeans.org/ns/editor-bookmarks/2" lastBookmarkId="0"/>
    <open-files xmlns="http://www.netbeans.org/ns/projectui-open-files/2">
        <group>
            <file>file:/C:/Users/Kovács%20Gábor%20Ferenc/Documents/NetBeansProjects/Sudoku/src/sudoku/view/MenuBar.java</file>
            <file>file:/C:/Users/Kovács%20Gábor%20Ferenc/Documents/NetBeansProjects/Sudoku/src/sudoku/view/FileChooser.java</file>
            <file>file:/C:/Users/Kovács%20Gábor%20Ferenc/Documents/NetBeansProjects/Sudoku/src/sudoku/view/MainWindow.java</file>
            <file>file:/C:/Users/Kovács%20Gábor%20Ferenc/Documents/NetBeansProjects/Sudoku/src/sudoku/persistence/Persistence.java</file>
        </group>
    </open-files>
</project-private>
