<?xml version="1.0" encoding="UTF-8"?>
<project-private xmlns="http://www.netbeans.org/ns/project-private/1">
    <editor-bookmarks xmlns="http://www.netbeans.org/ns/editor-bookmarks/2" lastBookmarkId="0"/>
    <open-files xmlns="http://www.netbeans.org/ns/projectui-open-files/2">
        <group>
            <file>file:/C:/Users/alexb/Documents/NetBeansProjects/demo2draw/src/demo2draw/model/BankModel.java</file>
            <file>file:/C:/Users/alexb/Documents/NetBeansProjects/demo2draw/src/demo2draw/model/SavingsAccount.java</file>
            <file>file:/C:/Users/alexb/Documents/NetBeansProjects/demo2draw/src/demo2draw/view/AccountValueScale.java</file>
            <file>file:/C:/Users/alexb/Documents/NetBeansProjects/demo2draw/src/demo2draw/view/AccountItem.java</file>
            <file>file:/C:/Users/alexb/Documents/NetBeansProjects/demo2draw/src/demo2draw/view/AccountView.java</file>
        </group>
    </open-files>
</project-private>
